b_gap,plate_mm,wheel_od_mm,eps,f_Hz,rpm,eta_pct,P_total_W,m_total_kg,cost_usd,P_per_usd,P_per_kg,E_spin_J,magnet,magnet_kg,pareto
0.8,0.2,200,0.6,33.8338587622349,1015.0157628670469,0.08496897903198503,1580.7178813716148,8.320970536197342,224.82534353998824,7.030870525904312,189.96797002167946,225.70560674029326,SmCo Sm2Co17,0.33,0
0.8,0.2,200,0.75,33.8338587622349,1015.0157628670469,0.1204959847618377,1580.7178813716148,8.320970536197342,224.82534353998824,7.030870525904312,189.96797002167946,225.70560674029326,SmCo Sm2Co17,0.33,0
0.8,0.2,200,0.85,33.8338587622349,1015.0157628670469,0.16706431133312835,1580.7178813716148,8.320970536197342,224.82534353998824,7.030870525904312,189.96797002167946,225.70560674029326,SmCo Sm2Co17,0.33,0
0.8,0.2,200,0.95,33.8338587622349,1015.0157628670469,0.27230104679844425,1580.7178813716148,8.320970536197342,224.82534353998824,7.030870525904312,189.96797002167946,225.70560674029326,SmCo Sm2Co17,0.33,1
0.8,0.2,280,0.6,33.8338587622349,1015.0157628670469,0.08496897903198503,3951.794703429037,18.612571368384682,466.0087939336445,8.48008611612539,212.3185789439903,985.0031197138225,SmCo Sm2Co17,0.82,0
0.8,0.2,280,0.75,33.8338587622349,1015.0157628670469,0.1204959847618377,3951.794703429037,18.612571368384682,466.0087939336445,8.48008611612539,212.3185789439903,985.0031197138225,SmCo Sm2Co17,0.82,0
0.8,0.2,280,0.85,33.8338587622349,1015.0157628670469,0.16706431133312835,3951.794703429037,18.612571368384682,466.0087939336445,8.48008611612539,212.3185789439903,985.0031197138225,SmCo Sm2Co17,0.82,0
0.8,0.2,280,0.95,33.8338587622349,1015.0157628670469,0.27230104679844425,3951.794703429037,18.612571368384682,466.0087939336445,8.48008611612539,212.3185789439903,985.0031197138225,SmCo Sm2Co17,0.82,1
0.8,0.2,360,0.6,33.8338587622349,1015.0157628670469,0.08496897903198503,7113.230466172264,32.3313724779678,786.9200611251861,9.03933044482477,220.01016106011497,2824.2495263495334,SmCo Sm2Co17,1.47,0
0.8,0.2,360,0.75,33.8338587622349,1015.0157628670469,0.1204959847618377,7113.230466172264,32.3313724779678,786.9200611251861,9.03933044482477,220.01016106011497,2824.2495263495334,SmCo Sm2Co17,1.47,0
0.8,0.2,360,0.85,33.8338587622349,1015.0157628670469,0.16706431133312835,7113.230466172264,32.3313724779678,786.9200611251861,9.03933044482477,220.01016106011497,2824.2495263495334,SmCo Sm2Co17,1.47,0
0.8,0.2,360,0.95,33.8338587622349,1015.0157628670469,0.27230104679844425,7113.230466172264,32.3313724779678,786.9200611251861,9.03933044482477,220.01016106011497,2824.2495263495334,SmCo Sm2Co17,1.47,1
0.8,0.2,440,0.6,33.8338587622349,1015.0157628670469,0.08496897903198503,11065.0251696013,49.4773738649467,1188.5591451146133,9.309612580141557,223.63808555814546,6452.1731603654325,SmCo Sm2Co17,2.28,0
0.8,0.2,440,0.75,33.8338587622349,1015.0157628670469,0.1204959847618377,11065.0251696013,49.4773738649467,1188.5591451146133,9.309612580141557,223.63808555814546,6452.1731603654325,SmCo Sm2Co17,2.28,0
0.8,0.2,440,0.85,33.8338587622349,1015.0157628670469,0.16706431133312835,11065.0251696013,49.4773738649467,1188.5591451146133,9.309612580141557,223.63808555814546,6452.1731603654325,SmCo Sm2Co17,2.28,0
0.8,0.2,440,0.95,33.8338587622349,1015.0157628670469,0.27230104679844425,11065.0251696013,49.4773738649467,1188.5591451146133,9.309612580141557,223.63808555814546,6452.1731603654325,SmCo Sm2Co17,2.28,0
0.8,0.3,200,0.6,24.095555091817932,722.866652754538,0.08496897903198503,1125.744333889734,8.320970536197342,224.82534353998824,5.007194990405987,135.29002764672637,114.47565963362912,SmCo Sm2Co17,0.33,0
0.8,0.3,200,0.75,24.095555091817932,722.866652754538,0.1204959847618377,1125.744333889734,8.320970536197342,224.82534353998824,5.007194990405987,135.29002764672637,114.47565963362912,SmCo Sm2Co17,0.33,0
0.8,0.3,200,0.85,24.095555091817932,722.866652754538,0.16706431133312835,1125.744333889734,8.320970536197342,224.82534353998824,5.007194990405987,135.29002764672637,114.47565963362912,SmCo Sm2Co17,0.33,0
0.8,0.3,200,0.95,24.095555091817932,722.866652754538,0.27230104679844425,1125.744333889734,8.320970536197342,224.82534353998824,5.007194990405987,135.29002764672637,114.47565963362912,SmCo Sm2Co17,0.33,0
0.8,0.3,280,0.6,24.095555091817932,722.866652754538,0.08496897903198503,2814.3608347243353,18.612571368384682,466.0087939336445,6.03928696488306,151.20752415245587,499.58387608938614,SmCo Sm2Co17,0.82,0
0.8,0.3,280,0.75,24.095555091817932,722.866652754538,0.1204959847618377,2814.3608347243353,18.612571368384682,466.0087939336445,6.03928696488306,151.20752415245587,499.58387608938614,SmCo Sm2Co17,0.82,0
0.8,0.3,280,0.85,24.095555091817932,722.866652754538,0.16706431133312835,2814.3608347243353,18.612571368384682,466.0087939336445,6.03928696488306,151.20752415245587,499.58387608938614,SmCo Sm2Co17,0.82,0
0.8,0.3,280,0.95,24.095555091817932,722.866652754538,0.27230104679844425,2814.3608347243353,18.612571368384682,466.0087939336445,6.03928696488306,151.20752415245587,499.58387608938614,SmCo Sm2Co17,0.82,0
0.8,0.3,360,0.6,24.095555091817932,722.866652754538,0.08496897903198503,5065.849502503801,32.3313724779678,786.9200611251861,6.437565583549035,156.6852599887593,1432.4315295846397,SmCo Sm2Co17,1.47,0
0.8,0.3,360,0.75,24.095555091817932,722.866652754538,0.1204959847618377,5065.849502503801,32.3313724779678,786.9200611251861,6.437565583549035,156.6852599887593,1432.4315295846397,SmCo Sm2Co17,1.47,0
0.8,0.3,360,0.85,24.095555091817932,722.866652754538,0.16706431133312835,5065.849502503801,32.3313724779678,786.9200611251861,6.437565583549035,156.6852599887593,1432.4315295846397,SmCo Sm2Co17,1.47,0
0.8,0.3,360,0.95,24.095555091817932,722.866652754538,0.27230104679844425,5065.849502503801,32.3313724779678,786.9200611251861,6.437565583549035,156.6852599887593,1432.4315295846397,SmCo Sm2Co17,1.47,0
0.8,0.3,440,0.6,24.095555091817932,722.866652754538,0.08496897903198503,7880.210337228136,49.4773738649467,1188.5591451146133,6.630053177932718,159.26896926134228,3272.478647165886,SmCo Sm2Co17,2.28,0
0.8,0.3,440,0.75,24.095555091817932,722.866652754538,0.1204959847618377,7880.210337228136,49.4773738649467,1188.5591451146133,6.630053177932718,159.26896926134228,3272.478647165886,SmCo Sm2Co17,2.28,0
0.8,0.3,440,0.85,24.095555091817932,722.866652754538,0.16706431133312835,7880.210337228136,49.4773738649467,1188.5591451146133,6.630053177932718,159.26896926134228,3272.478647165886,SmCo Sm2Co17,2.28,0
0.8,0.3,440,0.95,24.095555091817932,722.866652754538,0.27230104679844425,7880.210337228136,49.4773738649467,1188.5591451146133,6.630053177932718,159.26896926134228,3272.478647165886,SmCo Sm2Co17,2.28,0
0.8,0.5,200,0.6,12.542928917908467,376.28786753725404,0.08496897903198503,586.0056390446838,8.320970536197342,224.82534353998824,2.6064927993336067,70.42515491377843,31.019672306834956,SmCo Sm2Co17,0.33,0
0.8,0.5,200,0.75,12.542928917908467,376.28786753725404,0.1204959847618377,586.0056390446838,8.320970536197342,224.82534353998824,2.6064927993336067,70.42515491377843,31.019672306834956,SmCo Sm2Co17,0.33,0
0.8,0.5,200,0.85,12.542928917908467,376.28786753725404,0.16706431133312835,586.0056390446838,8.320970536197342,224.82534353998824,2.6064927993336067,70.42515491377843,31.019672306834956,SmCo Sm2Co17,0.33,0
0.8,0.5,200,0.95,12.542928917908467,376.28786753725404,0.27230104679844425,586.0056390446838,8.320970536197342,224.82534353998824,2.6064927993336067,70.42515491377843,31.019672306834956,SmCo Sm2Co17,0.33,0
0.8,0.5,280,0.6,12.542928917908467,376.28786753725404,0.08496897903198503,1465.0140976117095,18.612571368384682,466.0087939336445,3.143747750434758,78.71099960428803,135.37312801400725,SmCo Sm2Co17,0.82,0
0.8,0.5,280,0.75,12.542928917908467,376.28786753725404,0.1204959847618377,1465.0140976117095,18.612571368384682,466.0087939336445,3.143747750434758,78.71099960428803,135.37312801400725,SmCo Sm2Co17,0.82,0
0.8,0.5,280,0.85,12.542928917908467,376.28786753725404,0.16706431133312835,1465.0140976117095,18.612571368384682,466.0087939336445,3.143747750434758,78.71099960428803,135.37312801400725,SmCo Sm2Co17,0.82,0
0.8,0.5,280,0.95,12.542928917908467,376.28786753725404,0.27230104679844425,1465.0140976117095,18.612571368384682,466.0087939336445,3.143747750434758,78.71099960428803,135.37312801400725,SmCo Sm2Co17,0.82,0
0.8,0.5,360,0.6,12.542928917908467,376.28786753725404,0.08496897903198503,2637.0253757010764,32.3313724779678,786.9200611251861,3.351071482318671,81.56243220104795,388.14850940278654,SmCo Sm2Co17,1.47,0
0.8,0.5,360,0.75,12.542928917908467,376.28786753725404,0.1204959847618377,2637.0253757010764,32.3313724779678,786.9200611251861,3.351071482318671,81.56243220104795,388.14850940278654,SmCo Sm2Co17,1.47,0
0.8,0.5,360,0.85,12.542928917908467,376.28786753725404,0.16706431133312835,2637.0253757010764,32.3313724779678,786.9200611251861,3.351071482318671,81.56243220104795,388.14850940278654,SmCo Sm2Co17,1.47,0
0.8,0.5,360,0.95,12.542928917908467,376.28786753725404,0.27230104679844425,2637.0253757010764,32.3313724779678,786.9200611251861,3.351071482318671,81.56243220104795,388.14850940278654,SmCo Sm2Co17,1.47,0
0.8,0.5,440,0.6,12.542928917908467,376.28786753725404,0.08496897903198503,4102.039473312786,49.4773738649467,1188.5591451146133,3.451270801435148,82.90738074558487,886.7493368553585,SmCo Sm2Co17,2.28,0
0.8,0.5,440,0.75,12.542928917908467,376.28786753725404,0.1204959847618377,4102.039473312786,49.4773738649467,1188.5591451146133,3.451270801435148,82.90738074558487,886.7493368553585,SmCo Sm2Co17,2.28,0
0.8,0.5,440,0.85,12.542928917908467,376.28786753725404,0.16706431133312835,4102.039473312786,49.4773738649467,1188.5591451146133,3.451270801435148,82.90738074558487,886.7493368553585,SmCo Sm2Co17,2.28,0
0.8,0.5,440,0.95,12.542928917908467,376.28786753725404,0.27230104679844425,4102.039473312786,49.4773738649467,1188.5591451146133,3.451270801435148,82.90738074558487,886.7493368553585,SmCo Sm2Co17,2.28,0
0.8,1.0,200,0.6,3.862423845686283,115.8727153705885,0.08496897903198503,180.4524420704632,8.320970536197342,224.82534353998824,0.8026338989597376,21.686465693571538,2.9414342344877773,SmCo Sm2Co17,0.33,0
0.8,1.0,200,0.75,3.862423845686283,115.8727153705885,0.1204959847618377,180.4524420704632,8.320970536197342,224.82534353998824,0.8026338989597376,21.686465693571538,2.9414342344877773,SmCo Sm2Co17,0.33,0
0.8,1.0,200,0.85,3.862423845686283,115.8727153705885,0.16706431133312835,180.4524420704632,8.320970536197342,224.82534353998824,0.8026338989597376,21.686465693571538,2.9414342344877773,SmCo Sm2Co17,0.33,0
0.8,1.0,200,0.95,3.862423845686283,115.8727153705885,0.27230104679844425,180.4524420704632,8.320970536197342,224.82534353998824,0.8026338989597376,21.686465693571538,2.9414342344877773,SmCo Sm2Co17,0.33,0
0.8,1.0,280,0.6,3.862423845686283,115.8727153705885,0.08496897903198503,451.13110517615803,18.612571368384682,466.0087939336445,0.9680742317502169,24.2379785279131,12.836729841351637,SmCo Sm2Co17,0.82,0
0.8,1.0,280,0.75,3.862423845686283,115.8727153705885,0.1204959847618377,451.13110517615803,18.612571368384682,466.0087939336445,0.9680742317502169,24.2379785279131,12.836729841351637,SmCo Sm2Co17,0.82,0
0.8,1.0,280,0.85,3.862423845686283,115.8727153705885,0.16706431133312835,451.13110517615803,18.612571368384682,466.0087939336445,0.9680742317502169,24.2379785279131,12.836729841351637,SmCo Sm2Co17,0.82,0
0.8,1.0,280,0.95,3.862423845686283,115.8727153705885,0.27230104679844425,451.13110517615803,18.612571368384682,466.0087939336445,0.9680742317502169,24.2379785279131,12.836729841351637,SmCo Sm2Co17,0.82,0
0.8,1.0,360,0.6,3.862423845686283,115.8727153705885,0.08496897903198503,812.035989317084,32.3313724779678,786.9200611251861,1.0319167466082713,25.116038295944463,36.80610492365482,SmCo Sm2Co17,1.47,0
0.8,1.0,360,0.75,3.862423845686283,115.8727153705885,0.1204959847618377,812.035989317084,32.3313724779678,786.9200611251861,1.0319167466082713,25.116038295944463,36.80610492365482,SmCo Sm2Co17,1.47,0
0.8,1.0,360,0.85,3.862423845686283,115.8727153705885,0.16706431133312835,812.035989317084,32.3313724779678,786.9200611251861,1.0319167466082713,25.116038295944463,36.80610492365482,SmCo Sm2Co17,1.47,0
0.8,1.0,360,0.95,3.862423845686283,115.8727153705885,0.27230104679844425,812.035989317084,32.3313724779678,786.9200611251861,1.0319167466082713,25.116038295944463,36.80610492365482,SmCo Sm2Co17,1.47,0
0.8,1.0,440,0.6,3.862423845686283,115.8727153705885,0.08496897903198503,1263.167094493242,49.4773738649467,1188.5591451146133,1.0627717599795459,25.5301968520233,84.08582885838425,SmCo Sm2Co17,2.28,0
0.8,1.0,440,0.75,3.862423845686283,115.8727153705885,0.1204959847618377,1263.167094493242,49.4773738649467,1188.5591451146133,1.0627717599795459,25.5301968520233,84.08582885838425,SmCo Sm2Co17,2.28,0
0.8,1.0,440,0.85,3.862423845686283,115.8727153705885,0.16706431133312835,1263.167094493242,49.4773738649467,1188.5591451146133,1.0627717599795459,25.5301968520233,84.08582885838425,SmCo Sm2Co17,2.28,0
0.8,1.0,440,0.95,3.862423845686283,115.8727153705885,0.27230104679844425,1263.167094493242,49.4773738649467,1188.5591451146133,1.0627717599795459,25.5301968520233,84.08582885838425,SmCo Sm2Co17,2.28,0
1.0,0.2,200,0.6,33.8338587622349,1015.0157628670469,0.1062112237899813,1975.897351714519,8.500970536197341,246.82534353998824,8.005245018100839,232.43197271430355,225.70560674029326,SmCo Sm2Co17,0.51,0
1.0,0.2,200,0.75,33.8338587622349,1015.0157628670469,0.15061998095229714,1975.897351714519,8.500970536197341,246.82534353998824,8.005245018100839,232.43197271430355,225.70560674029326,SmCo Sm2Co17,0.51,0
1.0,0.2,200,0.85,33.8338587622349,1015.0157628670469,0.20883038916641047,1975.897351714519,8.500970536197341,246.82534353998824,8.005245018100839,232.43197271430355,225.70560674029326,SmCo Sm2Co17,0.51,0
1.0,0.2,200,0.95,33.8338587622349,1015.0157628670469,0.34037630849805534,1975.897351714519,8.500970536197341,246.82534353998824,8.005245018100839,232.43197271430355,225.70560674029326,SmCo Sm2Co17,0.51,1
1.0,0.2,280,0.6,33.8338587622349,1015.0157628670469,0.1062112237899813,4939.743379286297,19.06257136838468,521.0087939336445,9.481113249530718,259.1331087409788,985.0031197138225,SmCo Sm2Co17,1.27,0
1.0,0.2,280,0.75,33.8338587622349,1015.0157628670469,0.15061998095229714,4939.743379286297,19.06257136838468,521.0087939336445,9.481113249530718,259.1331087409788,985.0031197138225,SmCo Sm2Co17,1.27,0
1.0,0.2,280,0.85,33.8338587622349,1015.0157628670469,0.20883038916641047,4939.743379286297,19.06257136838468,521.0087939336445,9.481113249530718,259.1331087409788,985.0031197138225,SmCo Sm2Co17,1.27,0
1.0,0.2,280,0.95,33.8338587622349,1015.0157628670469,0.34037630849805534,4939.743379286297,19.06257136838468,521.0087939336445,9.481113249530718,259.1331087409788,985.0031197138225,SmCo Sm2Co17,1.27,1
1.0,0.2,360,0.6,33.8338587622349,1015.0157628670469,0.1062112237899813,8891.538082715331,33.1513724779678,885.9200611251861,10.036501568123878,268.2102555067545,2824.2495263495334,SmCo Sm2Co17,2.29,0
1.0,0.2,360,0.75,33.8338587622349,1015.0157628670469,0.15061998095229714,8891.538082715331,33.1513724779678,885.9200611251861,10.036501568123878,268.2102555067545,2824.2495263495334,SmCo Sm2Co17,2.29,0
1.0,0.2,360,0.85,33.8338587622349,1015.0157628670469,0.20883038916641047,8891.538082715331,33.1513724779678,885.9200611251861,10.036501568123878,268.2102555067545,2824.2495263495334,SmCo Sm2Co17,2.29,0
1.0,0.2,360,0.95,33.8338587622349,1015.0157628670469,0.34037630849805534,8891.538082715331,33.1513724779678,885.9200611251861,10.036501568123878,268.2102555067545,2824.2495263495334,SmCo Sm2Co17,2.29,1
1.0,0.2,440,0.6,33.8338587622349,1015.0157628670469,0.1062112237899813,13831.281462001629,50.7673738649467,1342.5591451146133,10.302176639540795,272.44429658300095,6452.1731603654325,SmCo Sm2Co17,3.57,0
1.0,0.2,440,0.75,33.8338587622349,1015.0157628670469,0.15061998095229714,13831.281462001629,50.7673738649467,1342.5591451146133,10.302176639540795,272.44429658300095,6452.1731603654325,SmCo Sm2Co17,3.57,0
1.0,0.2,440,0.85,33.8338587622349,1015.0157628670469,0.20883038916641047,13831.281462001629,50.7673738649467,1342.5591451146133,10.302176639540795,272.44429658300095,6452.1731603654325,SmCo Sm2Co17,3.57,0
1.0,0.2,440,0.95,33.8338587622349,1015.0157628670469,0.34037630849805534,13831.281462001629,50.7673738649467,1342.5591451146133,10.302176639540795,272.44429658300095,6452.1731603654325,SmCo Sm2Co17,3.57,1
1.0,0.3,200,0.6,24.095555091817932,722.866652754538,0.1062112237899813,1407.1804173621679,8.500970536197341,246.82534353998824,5.701118034235371,165.5317368023285,114.47565963362912,SmCo Sm2Co17,0.51,0
1.0,0.3,200,0.75,24.095555091817932,722.866652754538,0.15061998095229714,1407.1804173621679,8.500970536197341,246.82534353998824,5.701118034235371,165.5317368023285,114.47565963362912,SmCo Sm2Co17,0.51,0
1.0,0.3,200,0.85,24.095555091817932,722.866652754538,0.20883038916641047,1407.1804173621679,8.500970536197341,246.82534353998824,5.701118034235371,165.5317368023285,114.47565963362912,SmCo Sm2Co17,0.51,0
1.0,0.3,200,0.95,24.095555091817932,722.866652754538,0.34037630849805534,1407.1804173621679,8.500970536197341,246.82534353998824,5.701118034235371,165.5317368023285,114.47565963362912,SmCo Sm2Co17,0.51,0
1.0,0.3,280,0.6,24.095555091817932,722.866652754538,0.1062112237899813,3517.9510434054196,19.06257136838468,521.0087939336445,6.752191295745124,184.54756052690507,499.58387608938614,SmCo Sm2Co17,1.27,0
1.0,0.3,280,0.75,24.095555091817932,722.866652754538,0.15061998095229714,3517.9510434054196,19.06257136838468,521.0087939336445,6.752191295745124,184.54756052690507,499.58387608938614,SmCo Sm2Co17,1.27,0
1.0,0.3,280,0.85,24.095555091817932,722.866652754538,0.20883038916641047,3517.9510434054196,19.06257136838468,521.0087939336445,6.752191295745124,184.54756052690507,499.58387608938614,SmCo Sm2Co17,1.27,0
1.0,0.3,280,0.95,24.095555091817932,722.866652754538,0.34037630849805534,3517.9510434054196,19.06257136838468,521.0087939336445,6.752191295745124,184.54756052690507,499.58387608938614,SmCo Sm2Co17,1.27,0
1.0,0.3,360,0.6,24.095555091817932,722.866652754538,0.1062112237899813,6332.311878129753,33.1513724779678,885.9200611251861,7.147723768764457,191.01205786693052,1432.4315295846397,SmCo Sm2Co17,2.29,0
1.0,0.3,360,0.75,24.095555091817932,722.866652754538,0.15061998095229714,6332.311878129753,33.1513724779678,885.9200611251861,7.147723768764457,191.01205786693052,1432.4315295846397,SmCo Sm2Co17,2.29,0
1.0,0.3,360,0.85,24.095555091817932,722.866652754538,0.20883038916641047,6332.311878129753,33.1513724779678,885.9200611251861,7.147723768764457,191.01205786693052,1432.4315295846397,SmCo Sm2Co17,2.29,0
1.0,0.3,360,0.95,24.095555091817932,722.866652754538,0.34037630849805534,6332.311878129753,33.1513724779678,885.9200611251861,7.147723768764457,191.01205786693052,1432.4315295846397,SmCo Sm2Co17,2.29,0
1.0,0.3,440,0.6,24.095555091817932,722.866652754538,0.1062112237899813,9850.262921535172,50.7673738649467,1342.5591451146133,7.336930337392519,194.02742690097023,3272.478647165886,SmCo Sm2Co17,3.57,0
1.0,0.3,440,0.75,24.095555091817932,722.866652754538,0.15061998095229714,9850.262921535172,50.7673738649467,1342.5591451146133,7.336930337392519,194.02742690097023,3272.478647165886,SmCo Sm2Co17,3.57,0
1.0,0.3,440,0.85,24.095555091817932,722.866652754538,0.20883038916641047,9850.262921535172,50.7673738649467,1342.5591451146133,7.336930337392519,194.02742690097023,3272.478647165886,SmCo Sm2Co17,3.57,0
1.0,0.3,440,0.95,24.095555091817932,722.866652754538,0.34037630849805534,9850.262921535172,50.7673738649467,1342.5591451146133,7.336930337392519,194.02742690097023,3272.478647165886,SmCo Sm2Co17,3.57,0
1.0,0.5,200,0.6,12.542928917908467,376.28786753725404,0.1062112237899813,732.5070488058549,8.500970536197341,246.82534353998824,2.9677140860017936,86.16746119596837,31.019672306834956,SmCo Sm2Co17,0.51,0
1.0,0.5,200,0.75,12.542928917908467,376.28786753725404,0.15061998095229714,732.5070488058549,8.500970536197341,246.82534353998824,2.9677140860017936,86.16746119596837,31.019672306834956,SmCo Sm2Co17,0.51,0
1.0,0.5,200,0.85,12.542928917908467,376.28786753725404,0.20883038916641047,732.5070488058549,8.500970536197341,246.82534353998824,2.9677140860017936,86.16746119596837,31.019672306834956,SmCo Sm2Co17,0.51,0
1.0,0.5,200,0.95,12.542928917908467,376.28786753725404,0.34037630849805534,732.5070488058549,8.500970536197341,246.82534353998824,2.9677140860017936,86.16746119596837,31.019672306834956,SmCo Sm2Co17,0.51,0
1.0,0.5,280,0.6,12.542928917908467,376.28786753725404,0.1062112237899813,1831.267622014637,19.06257136838468,521.0087939336445,3.514849736390182,96.0661385405643,135.37312801400725,SmCo Sm2Co17,1.27,0
1.0,0.5,280,0.75,12.542928917908467,376.28786753725404,0.15061998095229714,1831.267622014637,19.06257136838468,521.0087939336445,3.514849736390182,96.0661385405643,135.37312801400725,SmCo Sm2Co17,1.27,0
1.0,0.5,280,0.85,12.542928917908467,376.28786753725404,0.20883038916641047,1831.267622014637,19.06257136838468,521.0087939336445,3.514849736390182,96.0661385405643,135.37312801400725,SmCo Sm2Co17,1.27,0
1.0,0.5,280,0.95,12.542928917908467,376.28786753725404,0.34037630849805534,1831.267622014637,19.06257136838468,521.0087939336445,3.514849736390182,96.0661385405643,135.37312801400725,SmCo Sm2Co17,1.27,0
1.0,0.5,360,0.6,12.542928917908467,376.28786753725404,0.1062112237899813,3296.2817196263454,33.1513724779678,885.9200611251861,3.720743963557859,99.43122933498559,388.14850940278654,SmCo Sm2Co17,2.29,0
1.0,0.5,360,0.75,12.542928917908467,376.28786753725404,0.15061998095229714,3296.2817196263454,33.1513724779678,885.9200611251861,3.720743963557859,99.43122933498559,388.14850940278654,SmCo Sm2Co17,2.29,0
1.0,0.5,360,0.85,12.542928917908467,376.28786753725404,0.20883038916641047,3296.2817196263454,33.1513724779678,885.9200611251861,3.720743963557859,99.43122933498559,388.14850940278654,SmCo Sm2Co17,2.29,0
1.0,0.5,360,0.95,12.542928917908467,376.28786753725404,0.34037630849805534,3296.2817196263454,33.1513724779678,885.9200611251861,3.720743963557859,99.43122933498559,388.14850940278654,SmCo Sm2Co17,2.29,0
1.0,0.5,440,0.6,12.542928917908467,376.28786753725404,0.1062112237899813,5127.549341640983,50.7673738649467,1342.5591451146133,3.819235346390082,101.00087814826674,886.7493368553585,SmCo Sm2Co17,3.57,0
1.0,0.5,440,0.75,12.542928917908467,376.28786753725404,0.15061998095229714,5127.549341640983,50.7673738649467,1342.5591451146133,3.819235346390082,101.00087814826674,886.7493368553585,SmCo Sm2Co17,3.57,0
1.0,0.5,440,0.85,12.542928917908467,376.28786753725404,0.20883038916641047,5127.549341640983,50.7673738649467,1342.5591451146133,3.819235346390082,101.00087814826674,886.7493368553585,SmCo Sm2Co17,3.57,0
1.0,0.5,440,0.95,12.542928917908467,376.28786753725404,0.34037630849805534,5127.549341640983,50.7673738649467,1342.5591451146133,3.819235346390082,101.00087814826674,886.7493368553585,SmCo Sm2Co17,3.57,0
1.0,1.0,200,0.6,3.862423845686283,115.8727153705885,0.1062112237899813,225.56555258807902,8.500970536197341,246.82534353998824,0.9138670662947344,26.53409415167543,2.9414342344877773,SmCo Sm2Co17,0.51,0
1.0,1.0,200,0.75,3.862423845686283,115.8727153705885,0.15061998095229714,225.56555258807902,8.500970536197341,246.82534353998824,0.9138670662947344,26.53409415167543,2.9414342344877773,SmCo Sm2Co17,0.51,0
1.0,1.0,200,0.85,3.862423845686283,115.8727153705885,0.20883038916641047,225.56555258807902,8.500970536197341,246.82534353998824,0.9138670662947344,26.53409415167543,2.9414342344877773,SmCo Sm2Co17,0.51,0
1.0,1.0,200,0.95,3.862423845686283,115.8727153705885,0.34037630849805534,225.56555258807902,8.500970536197341,246.82534353998824,0.9138670662947344,26.53409415167543,2.9414342344877773,SmCo Sm2Co17,0.51,0
1.0,1.0,280,0.6,3.862423845686283,115.8727153705885,0.1062112237899813,563.9138814701976,19.06257136838468,521.0087939336445,1.0823500256351095,29.58225679907224,12.836729841351637,SmCo Sm2Co17,1.27,0
1.0,1.0,280,0.75,3.862423845686283,115.8727153705885,0.15061998095229714,563.9138814701976,19.06257136838468,521.0087939336445,1.0823500256351095,29.58225679907224,12.836729841351637,SmCo Sm2Co17,1.27,0
1.0,1.0,280,0.85,3.862423845686283,115.8727153705885,0.20883038916641047,563.9138814701976,19.06257136838468,521.0087939336445,1.0823500256351095,29.58225679907224,12.836729841351637,SmCo Sm2Co17,1.27,0
1.0,1.0,280,0.95,3.862423845686283,115.8727153705885,0.34037630849805534,563.9138814701976,19.06257136838468,521.0087939336445,1.0823500256351095,29.58225679907224,12.836729841351637,SmCo Sm2Co17,1.27,0
1.0,1.0,360,0.6,3.862423845686283,115.8727153705885,0.1062112237899813,1015.0449866463551,33.1513724779678,885.9200611251861,1.1457523440175523,30.618490601586643,36.80610492365482,SmCo Sm2Co17,2.29,0
1.0,1.0,360,0.75,3.862423845686283,115.8727153705885,0.15061998095229714,1015.0449866463551,33.1513724779678,885.9200611251861,1.1457523440175523,30.618490601586643,36.80610492365482,SmCo Sm2Co17,2.29,0
1.0,1.0,360,0.85,3.862423845686283,115.8727153705885,0.20883038916641047,1015.0449866463551,33.1513724779678,885.9200611251861,1.1457523440175523,30.618490601586643,36.80610492365482,SmCo Sm2Co17,2.29,0
1.0,1.0,360,0.95,3.862423845686283,115.8727153705885,0.34037630849805534,1015.0449866463551,33.1513724779678,885.9200611251861,1.1457523440175523,30.618490601586643,36.80610492365482,SmCo Sm2Co17,2.29,0
1.0,1.0,440,0.6,3.862423845686283,115.8727153705885,0.1062112237899813,1578.9588681165528,50.7673738649467,1342.5591451146133,1.176081421710295,31.101842539993488,84.08582885838425,SmCo Sm2Co17,3.57,0
1.0,1.0,440,0.75,3.862423845686283,115.8727153705885,0.15061998095229714,1578.9588681165528,50.7673738649467,1342.5591451146133,1.176081421710295,31.101842539993488,84.08582885838425,SmCo Sm2Co17,3.57,0
1.0,1.0,440,0.85,3.862423845686283,115.8727153705885,0.20883038916641047,1578.9588681165528,50.7673738649467,1342.5591451146133,1.176081421710295,31.101842539993488,84.08582885838425,SmCo Sm2Co17,3.57,0
1.0,1.0,440,0.95,3.862423845686283,115.8727153705885,0.34037630849805534,1578.9588681165528,50.7673738649467,1342.5591451146133,1.176081421710295,31.101842539993488,84.08582885838425,SmCo Sm2Co17,3.57,0
1.2,0.2,200,0.6,33.8338587622349,1015.0157628670469,0.12745346854797754,2371.0768220574228,8.720970536197342,273.82534353998824,8.659084624543386,271.88221909660274,225.70560674029326,SmCo Sm2Co17,0.73,0
1.2,0.2,200,0.75,33.8338587622349,1015.0157628670469,0.18074397714275656,2371.0768220574228,8.720970536197342,273.82534353998824,8.659084624543386,271.88221909660274,225.70560674029326,SmCo Sm2Co17,0.73,0
1.2,0.2,200,0.85,33.8338587622349,1015.0157628670469,0.2505964669996925,2371.0768220574228,8.720970536197342,273.82534353998824,8.659084624543386,271.88221909660274,225.70560674029326,SmCo Sm2Co17,0.73,0
1.2,0.2,200,0.95,33.8338587622349,1015.0157628670469,0.40845157019766637,2371.0768220574228,8.720970536197342,273.82534353998824,8.659084624543386,271.88221909660274,225.70560674029326,SmCo Sm2Co17,0.73,1
1.2,0.2,280,0.6,33.8338587622349,1015.0157628670469,0.12745346854797754,5927.692055143556,19.622571368384683,588.0087939336445,10.08095816984071,302.08538645929355,985.0031197138225,SmCo Sm2Co17,1.83,0
1.2,0.2,280,0.75,33.8338587622349,1015.0157628670469,0.18074397714275656,5927.692055143556,19.622571368384683,588.0087939336445,10.08095816984071,302.08538645929355,985.0031197138225,SmCo Sm2Co17,1.83,0
1.2,0.2,280,0.85,33.8338587622349,1015.0157628670469,0.2505964669996925,5927.692055143556,19.622571368384683,588.0087939336445,10.08095816984071,302.08538645929355,985.0031197138225,SmCo Sm2Co17,1.83,0
1.2,0.2,280,0.95,33.8338587622349,1015.0157628670469,0.40845157019766637,5927.692055143556,19.622571368384683,588.0087939336445,10.08095816984071,302.08538645929355,985.0031197138225,SmCo Sm2Co17,1.83,1
1.2,0.2,360,0.6,33.8338587622349,1015.0157628670469,0.12745346854797754,10669.845699258398,34.161372477967795,1006.9200611251861,10.596517152846618,312.3365639404524,2824.2495263495334,SmCo Sm2Co17,3.3,0
1.2,0.2,360,0.75,33.8338587622349,1015.0157628670469,0.18074397714275656,10669.845699258398,34.161372477967795,1006.9200611251861,10.596517152846618,312.3365639404524,2824.2495263495334,SmCo Sm2Co17,3.3,0
1.2,0.2,360,0.85,33.8338587622349,1015.0157628670469,0.2505964669996925,10669.845699258398,34.161372477967795,1006.9200611251861,10.596517152846618,312.3365639404524,2824.2495263495334,SmCo Sm2Co17,3.3,0
1.2,0.2,360,0.95,33.8338587622349,1015.0157628670469,0.40845157019766637,10669.845699258398,34.161372477967795,1006.9200611251861,10.596517152846618,312.3365639404524,2824.2495263495334,SmCo Sm2Co17,3.3,1
1.2,0.2,440,0.6,33.8338587622349,1015.0157628670469,0.12745346854797754,16597.537754401954,52.3373738649467,1530.5591451146133,10.844100868221643,317.12591841598424,6452.1731603654325,SmCo Sm2Co17,5.14,0
1.2,0.2,440,0.75,33.8338587622349,1015.0157628670469,0.18074397714275656,16597.537754401954,52.3373738649467,1530.5591451146133,10.844100868221643,317.12591841598424,6452.1731603654325,SmCo Sm2Co17,5.14,0
1.2,0.2,440,0.85,33.8338587622349,1015.0157628670469,0.2505964669996925,16597.537754401954,52.3373738649467,1530.5591451146133,10.844100868221643,317.12591841598424,6452.1731603654325,SmCo Sm2Co17,5.14,0
1.2,0.2,440,0.95,33.8338587622349,1015.0157628670469,0.40845157019766637,16597.537754401954,52.3373738649467,1530.5591451146133,10.844100868221643,317.12591841598424,6452.1731603654325,SmCo Sm2Co17,5.14,1
1.2,0.3,200,0.6,24.095555091817932,722.866652754538,0.12745346854797754,1688.6165008346013,8.720970536197342,273.82534353998824,6.166764839968158,193.6271305843557,114.47565963362912,SmCo Sm2Co17,0.73,0
1.2,0.3,200,0.75,24.095555091817932,722.866652754538,0.18074397714275656,1688.6165008346013,8.720970536197342,273.82534353998824,6.166764839968158,193.6271305843557,114.47565963362912,SmCo Sm2Co17,0.73,0
1.2,0.3,200,0.85,24.095555091817932,722.866652754538,0.2505964669996925,1688.6165008346013,8.720970536197342,273.82534353998824,6.166764839968158,193.6271305843557,114.47565963362912,SmCo Sm2Co17,0.73,0
1.2,0.3,200,0.95,24.095555091817932,722.866652754538,0.40845157019766637,1688.6165008346013,8.720970536197342,273.82534353998824,6.166764839968158,193.6271305843557,114.47565963362912,SmCo Sm2Co17,0.73,0
1.2,0.3,280,0.6,24.095555091817932,722.866652754538,0.12745346854797754,4221.541252086504,19.622571368384683,588.0087939336445,7.179384552814861,215.1370058914974,499.58387608938614,SmCo Sm2Co17,1.83,0
1.2,0.3,280,0.75,24.095555091817932,722.866652754538,0.18074397714275656,4221.541252086504,19.622571368384683,588.0087939336445,7.179384552814861,215.1370058914974,499.58387608938614,SmCo Sm2Co17,1.83,0
1.2,0.3,280,0.85,24.095555091817932,722.866652754538,0.2505964669996925,4221.541252086504,19.622571368384683,588.0087939336445,7.179384552814861,215.1370058914974,499.58387608938614,SmCo Sm2Co17,1.83,0
1.2,0.3,280,0.95,24.095555091817932,722.866652754538,0.40845157019766637,4221.541252086504,19.622571368384683,588.0087939336445,7.179384552814861,215.1370058914974,499.58387608938614,SmCo Sm2Co17,1.83,0
1.2,0.3,360,0.6,24.095555091817932,722.866652754538,0.12745346854797754,7598.774253755703,34.161372477967795,1006.9200611251861,7.5465516550186,222.4376160137153,1432.4315295846397,SmCo Sm2Co17,3.3,0
1.2,0.3,360,0.75,24.095555091817932,722.866652754538,0.18074397714275656,7598.774253755703,34.161372477967795,1006.9200611251861,7.5465516550186,222.4376160137153,1432.4315295846397,SmCo Sm2Co17,3.3,0
1.2,0.3,360,0.85,24.095555091817932,722.866652754538,0.2505964669996925,7598.774253755703,34.161372477967795,1006.9200611251861,7.5465516550186,222.4376160137153,1432.4315295846397,SmCo Sm2Co17,3.3,0
1.2,0.3,360,0.95,24.095555091817932,722.866652754538,0.40845157019766637,7598.774253755703,34.161372477967795,1006.9200611251861,7.5465516550186,222.4376160137153,1432.4315295846397,SmCo Sm2Co17,3.3,0
1.2,0.3,440,0.6,24.095555091817932,722.866652754538,0.12745346854797754,11820.315505842207,52.3373738649467,1530.5591451146133,7.722874051337012,225.84846416527867,3272.478647165886,SmCo Sm2Co17,5.14,0
1.2,0.3,440,0.75,24.095555091817932,722.866652754538,0.18074397714275656,11820.315505842207,52.3373738649467,1530.5591451146133,7.722874051337012,225.84846416527867,3272.478647165886,SmCo Sm2Co17,5.14,0
1.2,0.3,440,0.85,24.095555091817932,722.866652754538,0.2505964669996925,11820.315505842207,52.3373738649467,1530.5591451146133,7.722874051337012,225.84846416527867,3272.478647165886,SmCo Sm2Co17,5.14,0
1.2,0.3,440,0.95,24.095555091817932,722.866652754538,0.40845157019766637,11820.315505842207,52.3373738649467,1530.5591451146133,7.722874051337012,225.84846416527867,3272.478647165886,SmCo Sm2Co17,5.14,0
1.2,0.5,200,0.6,12.542928917908467,376.28786753725404,0.12745346854797754,879.0084585670257,8.720970536197342,273.82534353998824,3.210106293315612,100.79250410474442,31.019672306834956,SmCo Sm2Co17,0.73,0
1.2,0.5,200,0.75,12.542928917908467,376.28786753725404,0.18074397714275656,879.0084585670257,8.720970536197342,273.82534353998824,3.210106293315612,100.79250410474442,31.019672306834956,SmCo Sm2Co17,0.73,0
1.2,0.5,200,0.85,12.542928917908467,376.28786753725404,0.2505964669996925,879.0084585670257,8.720970536197342,273.82534353998824,3.210106293315612,100.79250410474442,31.019672306834956,SmCo Sm2Co17,0.73,0
1.2,0.5,200,0.95,12.542928917908467,376.28786753725404,0.40845157019766637,879.0084585670257,8.720970536197342,273.82534353998824,3.210106293315612,100.79250410474442,31.019672306834956,SmCo Sm2Co17,0.73,0
1.2,0.5,280,0.6,12.542928917908467,376.28786753725404,0.12745346854797754,2197.5211464175645,19.622571368384683,588.0087939336445,3.737224968553021,111.9894587290505,135.37312801400725,SmCo Sm2Co17,1.83,0
1.2,0.5,280,0.75,12.542928917908467,376.28786753725404,0.18074397714275656,2197.5211464175645,19.622571368384683,588.0087939336445,3.737224968553021,111.9894587290505,135.37312801400725,SmCo Sm2Co17,1.83,0
1.2,0.5,280,0.85,12.542928917908467,376.28786753725404,0.2505964669996925,2197.5211464175645,19.622571368384683,588.0087939336445,3.737224968553021,111.9894587290505,135.37312801400725,SmCo Sm2Co17,1.83,0
1.2,0.5,280,0.95,12.542928917908467,376.28786753725404,0.40845157019766637,2197.5211464175645,19.622571368384683,588.0087939336445,3.737224968553021,111.9894587290505,135.37312801400725,SmCo Sm2Co17,1.83,0
1.2,0.5,360,0.6,12.542928917908467,376.28786753725404,0.12745346854797754,3955.5380635516144,34.161372477967795,1006.9200611251861,3.9283536164047477,115.78978760594934,388.14850940278654,SmCo Sm2Co17,3.3,0
1.2,0.5,360,0.75,12.542928917908467,376.28786753725404,0.18074397714275656,3955.5380635516144,34.161372477967795,1006.9200611251861,3.9283536164047477,115.78978760594934,388.14850940278654,SmCo Sm2Co17,3.3,0
1.2,0.5,360,0.85,12.542928917908467,376.28786753725404,0.2505964669996925,3955.5380635516144,34.161372477967795,1006.9200611251861,3.9283536164047477,115.78978760594934,388.14850940278654,SmCo Sm2Co17,3.3,0
1.2,0.5,360,0.95,12.542928917908467,376.28786753725404,0.40845157019766637,3955.5380635516144,34.161372477967795,1006.9200611251861,3.9283536164047477,115.78978760594934,388.14850940278654,SmCo Sm2Co17,3.3,0
1.2,0.5,440,0.6,12.542928917908467,376.28786753725404,0.12745346854797754,6153.0592099691785,52.3373738649467,1530.5591451146133,4.020138149910187,117.56530287222208,886.7493368553585,SmCo Sm2Co17,5.14,0
1.2,0.5,440,0.75,12.542928917908467,376.28786753725404,0.18074397714275656,6153.0592099691785,52.3373738649467,1530.5591451146133,4.020138149910187,117.56530287222208,886.7493368553585,SmCo Sm2Co17,5.14,0
1.2,0.5,440,0.85,12.542928917908467,376.28786753725404,0.2505964669996925,6153.0592099691785,52.3373738649467,1530.5591451146133,4.020138149910187,117.56530287222208,886.7493368553585,SmCo Sm2Co17,5.14,0
1.2,0.5,440,0.95,12.542928917908467,376.28786753725404,0.40845157019766637,6153.0592099691785,52.3373738649467,1530.5591451146133,4.020138149910187,117.56530287222208,886.7493368553585,SmCo Sm2Co17,5.14,0
1.2,1.0,200,0.6,3.862423845686283,115.8727153705885,0.12745346854797754,270.67866310569485,8.720970536197342,273.82534353998824,0.9885084397462507,31.037676595995073,2.9414342344877773,SmCo Sm2Co17,0.73,0
1.2,1.0,200,0.75,3.862423845686283,115.8727153705885,0.18074397714275656,270.67866310569485,8.720970536197342,273.82534353998824,0.9885084397462507,31.037676595995073,2.9414342344877773,SmCo Sm2Co17,0.73,0
1.2,1.0,200,0.85,3.862423845686283,115.8727153705885,0.2505964669996925,270.67866310569485,8.720970536197342,273.82534353998824,0.9885084397462507,31.037676595995073,2.9414342344877773,SmCo Sm2Co17,0.73,0
1.2,1.0,200,0.95,3.862423845686283,115.8727153705885,0.40845157019766637,270.67866310569485,8.720970536197342,273.82534353998824,0.9885084397462507,31.037676595995073,2.9414342344877773,SmCo Sm2Co17,0.73,0
1.2,1.0,280,0.6,3.862423845686283,115.8727153705885,0.12745346854797754,676.6966577642371,19.622571368384683,588.0087939336445,1.150827444666756,34.485626020171395,12.836729841351637,SmCo Sm2Co17,1.83,0
1.2,1.0,280,0.75,3.862423845686283,115.8727153705885,0.18074397714275656,676.6966577642371,19.622571368384683,588.0087939336445,1.150827444666756,34.485626020171395,12.836729841351637,SmCo Sm2Co17,1.83,0
1.2,1.0,280,0.85,3.862423845686283,115.8727153705885,0.2505964669996925,676.6966577642371,19.622571368384683,588.0087939336445,1.150827444666756,34.485626020171395,12.836729841351637,SmCo Sm2Co17,1.83,0
1.2,1.0,280,0.95,3.862423845686283,115.8727153705885,0.40845157019766637,676.6966577642371,19.622571368384683,588.0087939336445,1.150827444666756,34.485626020171395,12.836729841351637,SmCo Sm2Co17,1.83,0
1.2,1.0,360,0.6,3.862423845686283,115.8727153705885,0.12745346854797754,1218.0539839756264,34.161372477967795,1006.9200611251861,1.209682904335532,35.65588545252987,36.80610492365482,SmCo Sm2Co17,3.3,0
1.2,1.0,360,0.75,3.862423845686283,115.8727153705885,0.18074397714275656,1218.0539839756264,34.161372477967795,1006.9200611251861,1.209682904335532,35.65588545252987,36.80610492365482,SmCo Sm2Co17,3.3,0
1.2,1.0,360,0.85,3.862423845686283,115.8727153705885,0.2505964669996925,1218.0539839756264,34.161372477967795,1006.9200611251861,1.209682904335532,35.65588545252987,36.80610492365482,SmCo Sm2Co17,3.3,0
1.2,1.0,360,0.95,3.862423845686283,115.8727153705885,0.40845157019766637,1218.0539839756264,34.161372477967795,1006.9200611251861,1.209682904335532,35.65588545252987,36.80610492365482,SmCo Sm2Co17,3.3,0
1.2,1.0,440,0.6,3.862423845686283,115.8727153705885,0.12745346854797754,1894.7506417398633,52.3373738649467,1530.5591451146133,1.2379466992750405,36.202631156640535,84.08582885838425,SmCo Sm2Co17,5.14,0
1.2,1.0,440,0.75,3.862423845686283,115.8727153705885,0.18074397714275656,1894.7506417398633,52.3373738649467,1530.5591451146133,1.2379466992750405,36.202631156640535,84.08582885838425,SmCo Sm2Co17,5.14,0
1.2,1.0,440,0.85,3.862423845686283,115.8727153705885,0.2505964669996925,1894.7506417398633,52.3373738649467,1530.5591451146133,1.2379466992750405,36.202631156640535,84.08582885838425,SmCo Sm2Co17,5.14,0
1.2,1.0,440,0.95,3.862423845686283,115.8727153705885,0.40845157019766637,1894.7506417398633,52.3373738649467,1530.5591451146133,1.2379466992750405,36.202631156640535,84.08582885838425,SmCo Sm2Co17,5.14,0
1.4,0.2,200,0.6,33.8338587622349,1015.0157628670469,0.14869571330597375,2766.2562924003255,8.990970536197342,305.82534353998824,9.045216005908363,307.6704879927558,225.70560674029326,SmCo Sm2Co17,1.0,0
1.4,0.2,200,0.75,33.8338587622349,1015.0157628670469,0.21086797333321594,2766.2562924003255,8.990970536197342,305.82534353998824,9.045216005908363,307.6704879927558,225.70560674029326,SmCo Sm2Co17,1.0,0
1.4,0.2,200,0.85,33.8338587622349,1015.0157628670469,0.2923625448329746,2766.2562924003255,8.990970536197342,305.82534353998824,9.045216005908363,307.6704879927558,225.70560674029326,SmCo Sm2Co17,1.0,0
1.4,0.2,200,0.95,33.8338587622349,1015.0157628670469,0.4765268318972774,2766.2562924003255,8.990970536197342,305.82534353998824,9.045216005908363,307.6704879927558,225.70560674029326,SmCo Sm2Co17,1.0,1
1.4,0.2,280,0.6,33.8338587622349,1015.0157628670469,0.14869571330597375,6915.640731000814,20.29257136838468,668.0087939336445,10.352619297535426,340.79666915821275,985.0031197138225,SmCo Sm2Co17,2.5,0
1.4,0.2,280,0.75,33.8338587622349,1015.0157628670469,0.21086797333321594,6915.640731000814,20.29257136838468,668.0087939336445,10.352619297535426,340.79666915821275,985.0031197138225,SmCo Sm2Co17,2.5,0
1.4,0.2,280,0.85,33.8338587622349,1015.0157628670469,0.2923625448329746,6915.640731000814,20.29257136838468,668.0087939336445,10.352619297535426,340.79666915821275,985.0031197138225,SmCo Sm2Co17,2.5,0
1.4,0.2,280,0.95,33.8338587622349,1015.0157628670469,0.4765268318972774,6915.640731000814,20.29257136838468,668.0087939336445,10.352619297535426,340.79666915821275,985.0031197138225,SmCo Sm2Co17,2.5,1
1.4,0.2,360,0.6,33.8338587622349,1015.0157628670469,0.14869571330597375,12448.15331580146,35.35137247796779,1149.920061125186,10.825233628519412,352.12645063666434,2824.2495263495334,SmCo Sm2Co17,4.49,0
1.4,0.2,360,0.75,33.8338587622349,1015.0157628670469,0.21086797333321594,12448.15331580146,35.35137247796779,1149.920061125186,10.825233628519412,352.12645063666434,2824.2495263495334,SmCo Sm2Co17,4.49,0
1.4,0.2,360,0.85,33.8338587622349,1015.0157628670469,0.2923625448329746,12448.15331580146,35.35137247796779,1149.920061125186,10.825233628519412,352.12645063666434,2824.2495263495334,SmCo Sm2Co17,4.49,0
1.4,0.2,360,0.95,33.8338587622349,1015.0157628670469,0.4765268318972774,12448.15331580146,35.35137247796779,1149.920061125186,10.825233628519412,352.12645063666434,2824.2495263495334,SmCo Sm2Co17,4.49,1
1.4,0.2,440,0.6,33.8338587622349,1015.0157628670469,0.14869571330597375,19363.794046802275,54.1873738649467,1753.5591451146133,11.042566828013463,357.348818842253,6452.1731603654325,SmCo Sm2Co17,6.99,0
1.4,0.2,440,0.75,33.8338587622349,1015.0157628670469,0.21086797333321594,19363.794046802275,54.1873738649467,1753.5591451146133,11.042566828013463,357.348818842253,6452.1731603654325,SmCo Sm2Co17,6.99,0
1.4,0.2,440,0.85,33.8338587622349,1015.0157628670469,0.2923625448329746,19363.794046802275,54.1873738649467,1753.5591451146133,11.042566828013463,357.348818842253,6452.1731603654325,SmCo Sm2Co17,6.99,0
1.4,0.2,440,0.95,33.8338587622349,1015.0157628670469,0.4765268318972774,19363.794046802275,54.1873738649467,1753.5591451146133,11.042566828013463,357.348818842253,6452.1731603654325,SmCo Sm2Co17,6.99,1
1.4,0.3,200,0.6,24.095555091817932,722.866652754538,0.14869571330597375,1970.0525843070345,8.990970536197342,305.82534353998824,6.4417571202677,219.11456348073546,114.47565963362912,SmCo Sm2Co17,1.0,0
1.4,0.3,200,0.75,24.095555091817932,722.866652754538,0.21086797333321594,1970.0525843070345,8.990970536197342,305.82534353998824,6.4417571202677,219.11456348073546,114.47565963362912,SmCo Sm2Co17,1.0,0
1.4,0.3,200,0.85,24.095555091817932,722.866652754538,0.2923625448329746,1970.0525843070345,8.990970536197342,305.82534353998824,6.4417571202677,219.11456348073546,114.47565963362912,SmCo Sm2Co17,1.0,0
1.4,0.3,200,0.95,24.095555091817932,722.866652754538,0.4765268318972774,1970.0525843070345,8.990970536197342,305.82534353998824,6.4417571202677,219.11456348073546,114.47565963362912,SmCo Sm2Co17,1.0,0
1.4,0.3,280,0.6,24.095555091817932,722.866652754538,0.14869571330597375,4925.131460767587,20.29257136838468,668.0087939336445,7.372854228108884,242.7061298126475,499.58387608938614,SmCo Sm2Co17,2.5,0
1.4,0.3,280,0.75,24.095555091817932,722.866652754538,0.21086797333321594,4925.131460767587,20.29257136838468,668.0087939336445,7.372854228108884,242.7061298126475,499.58387608938614,SmCo Sm2Co17,2.5,0
1.4,0.3,280,0.85,24.095555091817932,722.866652754538,0.2923625448329746,4925.131460767587,20.29257136838468,668.0087939336445,7.372854228108884,242.7061298126475,499.58387608938614,SmCo Sm2Co17,2.5,0
1.4,0.3,280,0.95,24.095555091817932,722.866652754538,0.4765268318972774,4925.131460767587,20.29257136838468,668.0087939336445,7.372854228108884,242.7061298126475,499.58387608938614,SmCo Sm2Co17,2.5,0
1.4,0.3,360,0.6,24.095555091817932,722.866652754538,0.14869571330597375,8865.236629381652,35.35137247796779,1149.920061125186,7.709437315761845,250.77489240076255,1432.4315295846397,SmCo Sm2Co17,4.49,0
1.4,0.3,360,0.75,24.095555091817932,722.866652754538,0.21086797333321594,8865.236629381652,35.35137247796779,1149.920061125186,7.709437315761845,250.77489240076255,1432.4315295846397,SmCo Sm2Co17,4.49,0
1.4,0.3,360,0.85,24.095555091817932,722.866652754538,0.2923625448329746,8865.236629381652,35.35137247796779,1149.920061125186,7.709437315761845,250.77489240076255,1432.4315295846397,SmCo Sm2Co17,4.49,0
1.4,0.3,360,0.95,24.095555091817932,722.866652754538,0.4765268318972774,8865.236629381652,35.35137247796779,1149.920061125186,7.709437315761845,250.77489240076255,1432.4315295846397,SmCo Sm2Co17,4.49,0
1.4,0.3,440,0.6,24.095555091817932,722.866652754538,0.14869571330597375,13790.368090149239,54.1873738649467,1753.5591451146133,7.864216116444647,254.49412116777444,3272.478647165886,SmCo Sm2Co17,6.99,0
1.4,0.3,440,0.75,24.095555091817932,722.866652754538,0.21086797333321594,13790.368090149239,54.1873738649467,1753.5591451146133,7.864216116444647,254.49412116777444,3272.478647165886,SmCo Sm2Co17,6.99,0
1.4,0.3,440,0.85,24.095555091817932,722.866652754538,0.2923625448329746,13790.368090149239,54.1873738649467,1753.5591451146133,7.864216116444647,254.49412116777444,3272.478647165886,SmCo Sm2Co17,6.99,0
1.4,0.3,440,0.95,24.095555091817932,722.866652754538,0.4765268318972774,13790.368090149239,54.1873738649467,1753.5591451146133,7.864216116444647,254.49412116777444,3272.478647165886,SmCo Sm2Co17,6.99,0
1.4,0.5,200,0.6,12.542928917908467,376.28786753725404,0.14869571330597375,1025.5098683281965,8.990970536197342,305.82534353998824,3.3532533846205124,114.05997430416757,31.019672306834956,SmCo Sm2Co17,1.0,0
1.4,0.5,200,0.75,12.542928917908467,376.28786753725404,0.21086797333321594,1025.5098683281965,8.990970536197342,305.82534353998824,3.3532533846205124,114.05997430416757,31.019672306834956,SmCo Sm2Co17,1.0,0
1.4,0.5,200,0.85,12.542928917908467,376.28786753725404,0.2923625448329746,1025.5098683281965,8.990970536197342,305.82534353998824,3.3532533846205124,114.05997430416757,31.019672306834956,SmCo Sm2Co17,1.0,0
1.4,0.5,200,0.95,12.542928917908467,376.28786753725404,0.4765268318972774,1025.5098683281965,8.990970536197342,305.82534353998824,3.3532533846205124,114.05997430416757,31.019672306834956,SmCo Sm2Co17,1.0,0
1.4,0.5,280,0.6,12.542928917908467,376.28786753725404,0.14869571330597375,2563.7746708204913,20.29257136838468,668.0087939336445,3.8379355093866616,126.34055213006609,135.37312801400725,SmCo Sm2Co17,2.5,0
1.4,0.5,280,0.75,12.542928917908467,376.28786753725404,0.21086797333321594,2563.7746708204913,20.29257136838468,668.0087939336445,3.8379355093866616,126.34055213006609,135.37312801400725,SmCo Sm2Co17,2.5,0
1.4,0.5,280,0.85,12.542928917908467,376.28786753725404,0.2923625448329746,2563.7746708204913,20.29257136838468,668.0087939336445,3.8379355093866616,126.34055213006609,135.37312801400725,SmCo Sm2Co17,2.5,0
1.4,0.5,280,0.95,12.542928917908467,376.28786753725404,0.4765268318972774,2563.7746708204913,20.29257136838468,668.0087939336445,3.8379355093866616,126.34055213006609,135.37312801400725,SmCo Sm2Co17,2.5,0
1.4,0.5,360,0.6,12.542928917908467,376.28786753725404,0.14869571330597375,4614.794407476883,35.35137247796779,1149.920061125186,4.013143664057265,130.54074238144455,388.14850940278654,SmCo Sm2Co17,4.49,0
1.4,0.5,360,0.75,12.542928917908467,376.28786753725404,0.21086797333321594,4614.794407476883,35.35137247796779,1149.920061125186,4.013143664057265,130.54074238144455,388.14850940278654,SmCo Sm2Co17,4.49,0
1.4,0.5,360,0.85,12.542928917908467,376.28786753725404,0.2923625448329746,4614.794407476883,35.35137247796779,1149.920061125186,4.013143664057265,130.54074238144455,388.14850940278654,SmCo Sm2Co17,4.49,0
1.4,0.5,360,0.95,12.542928917908467,376.28786753725404,0.4765268318972774,4614.794407476883,35.35137247796779,1149.920061125186,4.013143664057265,130.54074238144455,388.14850940278654,SmCo Sm2Co17,4.49,0
1.4,0.5,440,0.6,12.542928917908467,376.28786753725404,0.14869571330597375,7178.569078297374,54.1873738649467,1753.5591451146133,4.093713689838605,132.47678501986093,886.7493368553585,SmCo Sm2Co17,6.99,0
1.4,0.5,440,0.75,12.542928917908467,376.28786753725404,0.21086797333321594,7178.569078297374,54.1873738649467,1753.5591451146133,4.093713689838605,132.47678501986093,886.7493368553585,SmCo Sm2Co17,6.99,0
1.4,0.5,440,0.85,12.542928917908467,376.28786753725404,0.2923625448329746,7178.569078297374,54.1873738649467,1753.5591451146133,4.093713689838605,132.47678501986093,886.7493368553585,SmCo Sm2Co17,6.99,0
1.4,0.5,440,0.95,12.542928917908467,376.28786753725404,0.4765268318972774,7178.569078297374,54.1873738649467,1753.5591451146133,4.093713689838605,132.47678501986093,886.7493368553585,SmCo Sm2Co17,6.99,0
1.4,1.0,200,0.6,3.862423845686283,115.8727153705885,0.14869571330597375,315.7917736233106,8.990970536197342,305.82534353998824,1.0325886336559258,35.12321304490362,2.9414342344877773,SmCo Sm2Co17,1.0,0
1.4,1.0,200,0.75,3.862423845686283,115.8727153705885,0.21086797333321594,315.7917736233106,8.990970536197342,305.82534353998824,1.0325886336559258,35.12321304490362,2.9414342344877773,SmCo Sm2Co17,1.0,0
1.4,1.0,200,0.85,3.862423845686283,115.8727153705885,0.2923625448329746,315.7917736233106,8.990970536197342,305.82534353998824,1.0325886336559258,35.12321304490362,2.9414342344877773,SmCo Sm2Co17,1.0,0
1.4,1.0,200,0.95,3.862423845686283,115.8727153705885,0.4765268318972774,315.7917736233106,8.990970536197342,305.82534353998824,1.0325886336559258,35.12321304490362,2.9414342344877773,SmCo Sm2Co17,1.0,0
1.4,1.0,280,0.6,3.862423845686283,115.8727153705885,0.14869571330597375,789.4794340582764,20.29257136838468,668.0087939336445,1.1818398817915832,38.9048494508816,12.836729841351637,SmCo Sm2Co17,2.5,0
1.4,1.0,280,0.75,3.862423845686283,115.8727153705885,0.21086797333321594,789.4794340582764,20.29257136838468,668.0087939336445,1.1818398817915832,38.9048494508816,12.836729841351637,SmCo Sm2Co17,2.5,0
1.4,1.0,280,0.85,3.862423845686283,115.8727153705885,0.2923625448329746,789.4794340582764,20.29257136838468,668.0087939336445,1.1818398817915832,38.9048494508816,12.836729841351637,SmCo Sm2Co17,2.5,0
1.4,1.0,280,0.95,3.862423845686283,115.8727153705885,0.4765268318972774,789.4794340582764,20.29257136838468,668.0087939336445,1.1818398817915832,38.9048494508816,12.836729841351637,SmCo Sm2Co17,2.5,0
1.4,1.0,360,0.6,3.862423845686283,115.8727153705885,0.14869571330597375,1421.062981304897,35.35137247796779,1149.920061125186,1.2357928427776101,40.198240738476365,36.80610492365482,SmCo Sm2Co17,4.49,0
1.4,1.0,360,0.75,3.862423845686283,115.8727153705885,0.21086797333321594,1421.062981304897,35.35137247796779,1149.920061125186,1.2357928427776101,40.198240738476365,36.80610492365482,SmCo Sm2Co17,4.49,0
1.4,1.0,360,0.85,3.862423845686283,115.8727153705885,0.2923625448329746,1421.062981304897,35.35137247796779,1149.920061125186,1.2357928427776101,40.198240738476365,36.80610492365482,SmCo Sm2Co17,4.49,0
1.4,1.0,360,0.95,3.862423845686283,115.8727153705885,0.4765268318972774,1421.062981304897,35.35137247796779,1149.920061125186,1.2357928427776101,40.198240738476365,36.80610492365482,SmCo Sm2Co17,4.49,0
1.4,1.0,440,0.6,3.862423845686283,115.8727153705885,0.14869571330597375,2210.5424153631734,54.1873738649467,1753.5591451146133,1.2606032830553267,40.794418656873724,84.08582885838425,SmCo Sm2Co17,6.99,0
1.4,1.0,440,0.75,3.862423845686283,115.8727153705885,0.21086797333321594,2210.5424153631734,54.1873738649467,1753.5591451146133,1.2606032830553267,40.794418656873724,84.08582885838425,SmCo Sm2Co17,6.99,0
1.4,1.0,440,0.85,3.862423845686283,115.8727153705885,0.2923625448329746,2210.5424153631734,54.1873738649467,1753.5591451146133,1.2606032830553267,40.794418656873724,84.08582885838425,SmCo Sm2Co17,6.99,0
1.4,1.0,440,0.95,3.862423845686283,115.8727153705885,0.4765268318972774,2210.5424153631734,54.1873738649467,1753.5591451146133,1.2606032830553267,40.794418656873724,84.08582885838425,SmCo Sm2Co17,6.99,0
